<?xml version="1.0" encoding="utf-8"?>
<odoo>
    <data>
        <template id="report_visitor_label">
            <style type="text/css">
                body{
                    width: 302.362px!important;height: 415.748px!important;
                }
                p{
                  margin-bottom: 0.5em;
                }

                .font-6{
                  font-size: 0.6em;
                }

                .font-8{
                  font-size: 0.8em;
                }
              </style>
            <t t-call="report.html_container">
                <t t-foreach="docs" t-as="o">
                    <t>
                        <div class="page">
                            <div class="oe_structure"/>
                            <div class="row">
                                <!-- <div class="col-xs-2" style="margin:auto;">
                                </div> -->
                                <center>
                                    
                                    <div class="container-fluid" style="width: 302.362px!important;height: 415.748px!important;display: block;overflow: hidden;max-height: 415.748px!important;">
                                          <div class="container bg-light">
                                            <div class="">
                                              <img style="display: inline;width:70px;margin-top: 10px;" src="/sales_meet/static/description/drychem_logo.png" alt="logo" />
                                              <h2 style="display: inline;vertical-align: 5px;font-size: 0.7em;font-weight: bolder;">Drychem Solutions Pvt. Ltd.</h2>
                                              <h2 style="margin-top: -30px;font-size: 0.7em;font-weight: bolder;">Mahape</h2>
                                            </div>    
                                            <h1 style="font-size: 1.5em;">Gate Pass</h1>
                                          </div>
                                          <div class="container">
                                            <div class="row">
                                                <div class="col-6">
                                                <div class="card" style="width:120px;">
                                                  <img class="card-img-top" src="/sales_meet/static/description/img_avatar3.png" alt="Card image" style="width:100%"/>
                                                </div>
                                              </div> 
                                              <!-- <div class="col-6">
                                                <div class="card" style="width:120px;">
                                                  <img class="card-img-top" src="/sales_meet/static/description/img_avatar3.png" alt="Card image" style="width:100%"/>
                                                </div>
                                              </div>  -->  
                                              <div class="col-6">
                                                <div class="font-8" style="width:130px;">
                                                  <div class="bg-light">
                                                      <p class="card-text">Some text inside the first card</p>
                                                      <p class="card-text">Some more text to increase the height</p>
                                                      <p class="card-text">Some more text to increase the height</p>              
                                                      <p class="card-text">Some more text to increase the height</p>
                                                  </div>
                                                </div>
                                              </div>      
                                            </div>
                                          </div>
                                          <div class="container">
                                            <div class="row font-8">
                                              <p class="card-text">Some more text to increase the height</p>
                                              <p class="card-text">Some more text to increase the height</p>
                                            </div>
                                          </div>
                                          <div class="container">
                                            <div class="row font-8" style="color:#fff;">
                                              <div class="col-sm-4 ">Visitor Sign</div>
                                              <div class="col-sm-4 ">Attendee Sign</div>
                                              <div class="col-sm-4 ">Security Sign</div>
                                            </div>
                                            <div class="row font-6">
                                              <div class="col-sm-4 bg-danger">Visitor Sign</div>
                                              <div class="col-sm-4 bg-light">Attendee Sign</div>
                                              <div class="col-sm-4 bg-primary">Security Sign</div>
                                            </div>
                                          </div>
                                    </div>
                                    <!-- <div class="col-xs-8" style="margin:auto">
                                        <table class="table table-condensed" style="border: 3px solid black !important;">
                                            <tr>
                                                <td width="40%">
                                                    <p style="text-align:center;padding-top:10px;">
                                                        <img t-if="not o.visitor.visitor_image" t-att-src="'/web/static/src/img/placeholder.png'" height="120" border="1" width="120"/>
                                                        <img t-if="o.visitor.visitor_image" t-att-src="'data:image/png;base64,%s' % o.visitor.visitor_image" height="120" border="1" width="120"/>
                                                    </p>
                                                    <p style="text-align:center;">
                                                        <strong><span t-field="o.visitor"/></strong>
                                                    </p>
                                                </td>
                                                <td width="60%">
                                                    <table>
                                                        <tr>
                                                            <t t-if="o.visiting_person">
                                                                <td>
                                                                    <p style="text-align:right;padding-top:10px;"><strong>Visitor ID : </strong></p>
                                                                    <p style="text-align:right;"><strong>Phone: </strong></p>
                                                                    <t t-if="o.visiting_person"><p style="text-align:right;"><strong>Meeting With : </strong></p></t>
                                                                    <t t-if="o.visiting_person"><p style="text-align:right;"><strong>Department : </strong></p></t>
                                                                </td>
                                                                <td>
                                                                    <p style="text-align:left;padding-top:10px;padding-left:10px;" t-field="o.name"/>
                                                                    <p style="text-align:left;padding-left:10px;" t-field="o.phone"/>
                                                                    <t t-if="o.visiting_person"><p style="text-align:left;padding-left:10px;" t-field="o.visiting_person"/></t>
                                                                    <t t-if="o.visiting_person"><p style="text-align:left;padding-left:10px;" t-field="o.department"/></t>
                                                                </td>
                                                            </t>
                                                            <t t-if="not o.visiting_person">
                                                                <td>
                                                                    <p style="text-align:right;padding-top:30px;"><strong>Visitor ID : </strong></p>
                                                                    <p style="text-align:right;"><strong>Phone: </strong></p>
                                                                </td>
                                                                <td>
                                                                    <p style="text-align:left;padding-top:30px;padding-left:30px;" t-field="o.visitor"/>
                                                                    <p style="text-align:left;padding-left:30px;" t-field="o.phone"/>
                                                                </td>
                                                            </t>
                                                        </tr>
                                                    </table>
                                                </td>
                                            </tr>
                                        </table>
                                    </div> -->



                                </center>
                            </div>
                        </div>
                    </t>
                </t>
            </t>
        </template>
    </data>
</odoo>