<?xml version="1.0" encoding="UTF-8"?>
<templates id="template" xml:space="preserve">
    <t t-name="sales_meet.MdmDashboardMain">
        <div class="o_dashboards">
            <div class="container-fluid o_mdm_dashboard"></div>
        </div>
    </t>


    <t t-name="MdmManagerDashboard">

            <style type="text/css" t-if="! widget.isFirefox">
                .o_web_client > .o_main .o_main_content .o_control_panel {
                    display: none;
                }
            </style>


            <div class="col-md-12">
                <div >
                    <div class="row">
                        <div class="col-md-3 customer_count">
                            <div class="dash-box card dash-box-color-3" style="margin: 30px 0 50px;">
                              <a href="javascript:;" class="dashboard-block ">
                                <div class="rotate">
                                  <i class="fa fa-calendar"></i>
                                </div>
                                <div class="details">
                                  <h3><p style="color: #fff;" class="dash-box-title">Draft Customers</p></h3>
                                  <h2><p style="color: #fff;" class="stat-count"><t t-esc="widget.login_user.customer_count"/></p></h2>
                                </div>
                                <i class="fa fa-chevron-right fa-2x more"></i>
                              </a>
                            </div>
                        </div>

                        <div class="col-md-3 vendor_count">
                            <div class="dash-box card dash-box-color-6" style="margin: 30px 0 50px;">
                              <a href="javascript:;" class="dashboard-block ">
                                <div class="rotate">
                                  <i class="fa fa-calendar-check-o"></i>
                                </div>
                                <div class="details">
                                  <h3><p style="color: #fff;" class="dash-box-title">Draft Vendors</p></h3>
                                  <h2><p style="color: #fff;" class="stat-count"><t t-esc="widget.login_user.vendor_count"/></p></h2>
                                </div>
                                <i class="fa fa-chevron-right fa-2x more"></i>
                              </a>
                            </div>
                        </div>


                        <div class="col-md-3 product_count">
                            <div class="dash-box card dash-box-color-1" style="margin: 30px 0 50px;">
                              <a href="javascript:;" class="dashboard-block ">
                                <div class="rotate">
                                  <i class="fa fa-calendar-times-o"></i>
                                </div>
                                <div class="details">
                                  <h3><p style="color: #fff;" class="dash-box-title">Draft Products</p></h3>
                                  <h2><p style="color: #fff;" class="stat-count"><t t-esc="widget.login_user.product_count"/></p></h2>
                                </div>
                                <i class="fa fa-chevron-right fa-2x more"></i>
                              </a>
                            </div>
                        </div>

                        <div class="col-md-3 customer_count">
                            <div class="dash-box card dash-box-color-3" style="margin: 30px 0 50px;">
                              <a href="javascript:;" class="dashboard-block ">
                                <div class="rotate">
                                  <i class="fa fa-calendar"></i>
                                </div>
                                <div class="details">
                                  <h3><p style="color: #fff;" class="dash-box-title">Draft Customers</p></h3>
                                  <h2><p style="color: #fff;" class="stat-count"><t t-esc="widget.login_user.customer_count"/></p></h2>
                                </div>
                                <i class="fa fa-chevron-right fa-2x more"></i>
                              </a>
                            </div>
                        </div>

                    </div>


                    <div class="row">
                        <div class="col-md-3 customer_count">
                            <div class="dash-box card dash-box-color-3" style="margin: 30px 0 50px;">
                              <a href="javascript:;" class="dashboard-block ">
                                <div class="rotate">
                                  <i class="fa fa-calendar"></i>
                                </div>
                                <div class="details">
                                  <h3><p style="color: #fff;" class="dash-box-title">Draft Customers</p></h3>
                                  <h2><p style="color: #fff;" class="stat-count"><t t-esc="widget.login_user.customer_count"/></p></h2>
                                </div>
                                <i class="fa fa-chevron-right fa-2x more"></i>
                              </a>
                            </div>
                        </div>

                        <div class="col-md-3 vendor_count">
                            <div class="dash-box card dash-box-color-6" style="margin: 30px 0 50px;">
                              <a href="javascript:;" class="dashboard-block ">
                                <div class="rotate">
                                  <i class="fa fa-calendar-check-o"></i>
                                </div>
                                <div class="details">
                                  <h3><p style="color: #fff;" class="dash-box-title">Draft Vendors</p></h3>
                                  <h2><p style="color: #fff;" class="stat-count"><t t-esc="widget.login_user.vendor_count"/></p></h2>
                                </div>
                                <i class="fa fa-chevron-right fa-2x more"></i>
                              </a>
                            </div>
                        </div>


                        <div class="col-md-3 product_count">
                            <div class="dash-box card dash-box-color-1" style="margin: 30px 0 50px;">
                              <a href="javascript:;" class="dashboard-block ">
                                <div class="rotate">
                                  <i class="fa fa-calendar-times-o"></i>
                                </div>
                                <div class="details">
                                  <h3><p style="color: #fff;" class="dash-box-title">Draft Products</p></h3>
                                  <h2><p style="color: #fff;" class="stat-count"><t t-esc="widget.login_user.product_count"/></p></h2>
                                </div>
                                <i class="fa fa-chevron-right fa-2x more"></i>
                              </a>
                            </div>
                        </div>

                    </div>




                    <div class="col-xs-12 o_box" style="padding-top: 25px;">
                        
                        <div class="col-md-2 col-sm-6 product_count">
                            <div class="card">
                                <div class="card-body">
                                    <div class="stat-widget-one">
                                        <div class="stat-icon dib"><i class="fa fa-money"/></div>
                                        <div class="stat-content dib">
                                            <div class="stat-text">Draft Products</div>
                                            <div class="stat-digit"><t t-esc="widget.login_user.product_count"/></div>
                                        </div>
                                    </div>
                                </div>
                            </div>
                        </div>

                        <div class="col-md-2 col-sm-6 product_count">
                            <div class="card">
                                <div class="card-body">
                                    <div class="stat-widget-one">
                                        <div class="stat-icon dib"><i class="fa fa-clock-o"/></div>
                                        <div class="stat-content dib">
                                            <div class="stat-text">Timesheets</div>
                                            <div class="stat-digit"><t t-esc="widget.login_user.product_count"/></div>
                                        </div>
                                    </div>
                                </div>
                            </div>
                        </div>

                        <div class="col-md-2 col-sm-6 product_count">
                            <div class="card">
                                <div class="card-body">
                                    <div class="stat-widget-one">
                                        <div class="stat-icon dib"><i class="fa fa-fw fa-book"/></div>
                                        <div class="stat-content dib">
                                            <div class="stat-text">Contracts</div>
                                            <div class="stat-digit"><t t-esc="widget.login_user.product_count"/></div>
                                        </div>
                                    </div>
                                </div>
                            </div>
                        </div>
                        <div class="col-sm-6 col-lg-6 product_count">
                            <div class="card text-color">
                                <div class="card-body pb-0">
                                    <h4 class="mb-0">
                                        <p class="stat-count"><t t-esc="widget.login_user.product_count"/></p>
                                    </h4>
                                    <p class="stat-title">Job Applications</p>
                                </div>
                            </div>
                        </div>
                    </div>



                  <div class="col-xs-12 employee_dashboard_main">

                    <div class="col-sm-6 col-lg-6 ">
                        <div class="col-sm-8 col-lg-8 product_count" style="padding:0 !important;">
                            <div class="card text-color"  style="height: 219px;padding-top: 21%;">
                            <div class="card-body pb-0">
                                <h4 class="mb-0">
                                    <p class="stat-count"><t t-esc="widget.login_user.product_count"/></p>

                                </h4>
                                <p class="stat-title">Leave Request</p>
                            </div>
                        </div>
                        </div>
                            <div class="col-sm-4 col-lg-4 product_count"  style="padding-right:0px !important" >
                                <div class="card text-color" style="height: 102px;">
                                    <div class="card-body">
                                        <h4 class="mb-0">
                                        <p class="stat-count"><t t-esc="widget.login_user.product_count"/></p>
                                        </h4>
                                        <p class="stat-title">This Month</p>
                                    </div>
                                </div>
                            </div>
                        <div class="col-sm-4 col-lg-4 product_count"  style="padding-right:0px !important">
                            <div class="card text-color" style="height: 102px;">
                                <div class="card-body">
                                    <h4 class="mb-0">
                                        <p class="stat-count"><t t-esc="widget.login_user.product_count"/></p>
                                    </h4>
                                    <p class="stat-title">To Approve</p>
                                </div>
                            </div>
                        </div>
                    </div>

                    <div class="col-sm-6 col-lg-6 product_count">
                      <div class="card text-color">
                          <div class="card-body pb-0">
                              <h4 class="mb-0">
                                  <p class="stat-count"><t t-esc="widget.login_user.product_count"/></p>
                              </h4>
                              <p class="stat-title">Leave Allocations</p>
                          </div>
                      </div>
                  </div>
                  <div class="col-sm-6 col-lg-6 product_count">
                      <div class="card text-color">
                          <div class="card-body pb-0">
                              <h4 class="mb-0">
                                  <p class="stat-count"><t t-esc="widget.login_user.product_count"/></p>
                              </h4>
                              <p class="stat-title">Job Applications</p>
                          </div>
                      </div>
                  </div>



                  </div>

                </div>
               
            </div> 

   </t>

</templates>
