<?xml version="1.0"?>
<odoo>
<!-- 	<template id="resusers">
          <h1><t t-esc="resusers.login"/></h1>
          <dl>
            <t t-foreach="object._fields" t-as="field">
              <dt><t t-esc="field"/></dt>
              <dd><t t-esc="object[field]"/></dd>
            </t>
          </dl>
        </template> -->


     <template id="resusers">
          <ul>
            <li t-foreach="resusers" t-as="resuser">
              <a t-attf-href="#{ root }/objects/#{ resuser.id }">
                <t t-esc="resuser.login"/>
              </a>
            </li>
          </ul>
        </template>
</odoo>